1.0,4.551796437125912,-4.2069885617396325
1.0,3.191111042657179,-0.9974339965867898
2.0,-3.0053056094696715,1.7727673755024471
2.0,-4.5716433049523495,2.7168144519988306
2.0,-4.355154029018329,4.081436309461419
1.0,1.5617788563677641,-3.43402587562988
1.0,-0.522927125461953,1.720956196560657
2.0,0.6808170953076633,4.414353089618201
2.0,-7.86919659908905,-0.8420950696904415
1.0,3.8201965536551423,-3.867313440097587
2.0,-10.40530788361964,-0.056881778556266305
2.0,-1.042065239119128,4.071406115944768
2.0,-3.8511827988192295,5.183730299961539
2.0,-4.963583925146825,3.4067346310841846
2.0,-4.18722883706387,2.459627373522648
1.0,2.2841839243463498,-2.83087341326297
2.0,-2.734137924243248,1.609506329154836
2.0,-8.306162715297532,5.277655410009113
2.0,-1.3022470940133895,4.875491059175344
2.0,-7.316698370851553,6.3196416757824805
1.0,3.319797162219346,0.586444233287349
2.0,-5.89960034721221,2.1337816636234574
1.0,2.8894703739729053,-3.1090743288618845
2.0,-4.910802847592461,6.9588952966467446
2.0,-5.579909170327059,1.0631130253718282
2.0,-0.8915107719954376,10.964634151329523
2.0,-1.269038839264105,1.6620534756904777
2.0,-0.37498058336415774,-2.439332585088044
2.0,-5.822086862837411,4.470030430131913
1.0,11.771831191178691,-2.4869745870568787
2.0,-0.3403570298563183,6.81899024430756
2.0,-2.557794555553761,3.2303414871095852
1.0,5.03250324112943,-0.27924476880295646
2.0,-2.084394488155605,3.0244713054254824
2.0,-6.642138788846618,0.7490388692601848
2.0,-2.0018664732454625,0.6852238561553698
2.0,0.24214365602652332,1.6408628237164469
1.0,6.23662595612627,-0.9746867433261975
2.0,-0.8196979644115565,1.6888064614493412
2.0,-0.8575230605383224,6.171820549836755
2.0,-3.4816645538715614,9.303400010316427
2.0,-5.360674513305255,5.295175799464394
1.0,3.9898492253472604,4.500192455465862
2.0,-4.879544356163594,2.034902244560023
2.0,-7.380066865411529,0.948429855446324
2.0,-2.509616575987221,6.526394858620041
2.0,-6.8710683251555,2.9925365054984554
2.0,-1.2724467423392873,-4.457125120008946
1.0,5.088706087889698,-2.5799908608682323
1.0,6.060756468520418,0.27604908479319046
1.0,4.116845867716192,-4.932945290242486
1.0,4.007315280090454,-1.4970255067273612
2.0,-5.0273169688680746,3.70307698898569
2.0,-5.476059093459519,2.141549253538085
1.0,6.325113577855708,0.9189552496289213
2.0,-6.407146525103512,4.106315045400496
2.0,-4.0670997346439846,3.6992541471254103
2.0,-9.15586561188497,2.533963435098161
2.0,-0.6985871530697088,3.4028482178739647
2.0,-8.761260204235011,0.4073803675583858
1.0,-0.5301565087550006,-3.191001489213588
1.0,6.710752106266765,-0.6003797644455057
2.0,-4.562059439168396,1.572879778222553
2.0,-0.3779632773663213,0.30684541669135346
2.0,-3.553264470819834,3.289025869919344
2.0,-7.083739837485833,3.980607021828942
2.0,-5.654670942121571,0.6299170154924769
2.0,-4.9867390452316185,1.545445853842513
1.0,7.488612715583955,0.04937491817930084
2.0,-4.799061154930542,5.372456719047925
1.0,4.40990773020102,0.08017700046206455
2.0,-2.8534045917014406,4.540041284396205
2.0,-8.50533958494627,2.9280893345566787
2.0,-10.577285201608737,4.2444875460813245
2.0,-4.610086602192107,0.929574918690308
2.0,-5.968776864919134,1.6510742393843831
2.0,-3.3291580809606565,6.112639236337561
2.0,1.0281283049359748,2.5769594172617007
1.0,2.800536690003587,0.9689647674799671
2.0,-4.935454285466229,-2.1517417502090215
2.0,-6.314054172500918,0.8892865598955808
2.0,-3.320400237636571,-4.353029687557596
1.0,7.672560540263489,1.321930678187021
1.0,3.471320936529067,1.0187635775822386
2.0,-4.0856894300788555,-0.5937776690425776
2.0,-3.1271996758612604,1.925502310159833
2.0,-4.915837650607992,2.0395557171345002
1.0,4.609678093019693,-0.3546770499803261
2.0,-3.1682450116814738,6.130211945103362
2.0,-2.376920187548601,3.8654233127609476
2.0,-7.252689603798814,2.0049129671933903
2.0,-3.563570701495249,5.810378730291444
2.0,-5.117324354581033,3.6191842240572107
2.0,-2.4492069443141653,-0.4557007419990913
1.0,5.83417847027858,-4.3027509521931595
1.0,6.828039807592546,-0.8757418181658627
1.0,2.7220134147616033,-3.8067685683623775
2.0,-3.565920001953006,1.0476167464022905
2.0,-5.581887508595212,-2.3095419151981993
2.0,-2.49808505394049,5.00133714594944
2.0,-4.854474572468947,1.1096501994944605
1.0,3.471388670271092,7.655006797186201
2.0,-2.563871863086933,6.02855132250154
2.0,-5.714125045533255,1.017166978772197
1.0,10.109645036522128,-0.24082970938191517
2.0,-4.602620717004354,3.925278956734005
2.0,-2.0588926955363744,2.6614742648036476
1.0,5.877919657131667,-3.7508228210998684
1.0,2.9523473032164653,-7.10134809293842
2.0,-0.71498651011186,-1.6614458704126944
1.0,2.1393775588750423,-0.337145591425666
2.0,-2.1460156587949912,3.94653746010127
2.0,-6.264570768819803,5.43102190728594
1.0,3.2640288968220754,-2.2516503572721325
1.0,6.220590399331028,-4.419662680693707
1.0,3.754229917461542,-2.1492892734531
1.0,7.585369455085607,-2.4035339075630273
1.0,2.417978832437946,2.41264395511341
1.0,4.0016779209117646,-1.8727157110932562
1.0,5.240173728515274,-1.1006341835902471
2.0,-6.328156356736185,3.91403926361257
2.0,-4.189041686965755,0.024918390649771194
1.0,4.438619253325891,-3.1582692095199167
2.0,-6.601021614588525,1.240286006304377
2.0,-5.4782494893014055,-3.0326966673437834
2.0,-4.33435124119843,-0.3965124806857032
1.0,4.173165040983648,1.6601469429885782
2.0,-5.424579558598026,-0.7862618586473502
1.0,1.3364849849265474,0.26205487753134293
1.0,7.184168233417322,1.187191463437318
1.0,3.4680310125842926,-1.9509968887130213
2.0,-4.323023208700702,2.9622382390554587
2.0,-3.7322251115300307,1.055123320041843
2.0,-3.0040322112464324,3.158744841427354
2.0,-6.259368988835076,-1.6353858546874385
2.0,-3.626081496456874,6.147415057141782
2.0,-4.340301061574948,3.8679626461136944
1.0,5.714304777959476,-4.095897560426436
2.0,-4.757879197394701,2.984293840706565
2.0,-3.759756062349521,4.863889802049721
2.0,-5.910490750091738,9.373002269516
1.0,3.358796418104161,-0.7047352089161568
1.0,0.7528506868659806,-0.00542598641089298
1.0,1.47680409394711,1.0568871435955518
2.0,-7.050727214572843,5.946209021118358
2.0,-3.0293530721539197,3.910172442403935
2.0,-5.713310725096525,4.681562512800154
1.0,2.732770413587107,0.1318541517172478
2.0,-3.5092308580679186,3.3755555372640313
1.0,3.9515524200757275,-2.526594237269427
1.0,2.886366851345402,0.8426900161522315
2.0,-8.874217780933687,2.356075839642876
1.0,1.6355672873810696,-5.8355245655724755
2.0,-6.0769555616697755,2.8851079273107514
2.0,-0.6708802456118894,2.8489125500599513
2.0,-4.815595557314521,4.8539457186009205
2.0,-7.105259452653618,1.9798456665472004
1.0,3.9130675308024387,2.58829960885346
1.0,4.3304369119055774,-0.8441276446855484
2.0,-2.01884516514683,1.3067885288040517
2.0,-4.455427698815812,2.346541536516628
2.0,-2.675627779840561,0.5844868863411614
2.0,-4.174846697843535,2.3937547262823227
2.0,-3.9228315155446625,1.0549693257426354
2.0,-10.154593232927182,0.6130334532343618
1.0,6.096262015144687,0.6295101747141099
2.0,-5.941328820128354,-0.8910245039075262
2.0,-7.57531170059098,1.7329044805754164
2.0,-4.98730523645308,-2.354474486550627
1.0,4.873978744022155,0.29062860716879735
2.0,-4.875192506167387,1.066939078360904
1.0,6.5062104500117055,0.5852836085481616
1.0,4.244628061451687,-2.800983746233587
2.0,-4.531108042097011,5.27194926265712
2.0,-4.527371108616922,0.9144008215649966
2.0,-4.325937902015596,0.23745664429161772
2.0,-5.07752093833445,3.215953903974222
2.0,-3.311139989626322,1.7276768054447431
1.0,6.945477129851092,0.7106236063810025
2.0,-4.262094187037356,6.508606025028477
2.0,-6.717359019135355,2.0641189922030403
2.0,-7.291380958595458,4.834933968123771
2.0,-7.799947884683412,3.0096861107240356
2.0,1.8211088249175722,-1.1734764999637122
2.0,-7.9364659568181395,7.516179113408648
1.0,4.094759282697712,-5.353077643921904
2.0,-4.517056026152436,2.5514265816990487
2.0,-4.360448040829947,4.17636801395894
1.0,6.11526702131758,-1.1971499887076666
1.0,7.75578959308493,-1.5446592157165686
2.0,-1.6570920375885048,-2.1356702772908385
2.0,-6.5262849297086785,3.034190563267225
1.0,7.061791986867192,2.48473876197935
1.0,7.460451840370897,-1.6323523923873828
1.0,2.5070213057009676,-0.5775538417351892
2.0,-5.9935765165724995,4.480238764596997
2.0,-9.716623389880343,0.6078723545604183
1.0,1.4874610851506276,-4.768580862464827
2.0,-3.7242528245962934,5.963091606334524
1.0,3.6531205317306807,-1.6826037787548167
1.0,8.175700717573442,-1.9895776309591338
1.0,2.541378122849559,-1.073066585289783
2.0,-3.76212084879852,0.28593910524660826
2.0,-6.648573179377259,0.724924768779819
1.0,4.787345148718005,-8.2250419064378
1.0,2.1896218063621955,-3.5283914530172593
1.0,3.698026719814199,0.9786499368168255
2.0,-2.65298602079584,3.6886748735666237
2.0,-5.948911977757471,3.084322382257138
1.0,1.742941629924653,-7.8211632759034195
2.0,-5.521265242001735,0.6407791212970437
2.0,-5.506052885414148,0.21644903239721103
2.0,-3.1401565545583896,5.384843135621592
2.0,-5.3897319257082845,4.338602581781339
2.0,-5.292283659368942,2.8154331256327834
2.0,-7.848098773125549,3.124343373244737
2.0,-4.330452632484848,6.127775045007637
2.0,-3.658121088855136,5.738169137440355
1.0,5.549734596263576,2.1528442379633024
2.0,-5.6975876481665,3.13462025712856
2.0,-5.381635799325228,4.912817545302563
2.0,-6.54497071056485,1.536340085273063
1.0,8.296215504493677,-0.7246486410633317
1.0,5.564612085764954,-0.1922705970503189
2.0,-4.430932790568649,4.869447624728979
2.0,-6.066928035032288,1.5764251488422294
2.0,-13.091389109953298,6.1619728069265625
2.0,-8.037273981271756,1.9151515698785984
2.0,-4.943315137872208,2.5530258622930693
2.0,-5.104788325554452,6.6321627025069985
2.0,-8.204332602335729,-0.4562285458395916
1.0,6.056600769323225,3.2199020320281315
1.0,4.700682192014705,2.704931464486312
2.0,-6.546285414655248,4.52334657313882
2.0,-3.2132589314863482,7.044738452780449
1.0,7.054014352821756,-1.9043809647771828
2.0,-3.1759640934333473,-2.107857688785737
1.0,6.263650582768548,-0.9086443129021264
1.0,3.055836701472054,-4.796243546750098
2.0,-4.295157007346396,-0.026310673835396425
2.0,-1.249372439791466,2.2389883165680007
2.0,-5.444138436203167,4.124597288031126
1.0,1.0106393898300232,-5.030535856330628
2.0,-3.0329589543336892,-0.024951701287442063
2.0,-4.691545373909052,4.208424904826636
2.0,-7.62580695529317,3.155493861434133
1.0,3.1439421232006888,-7.073242675888674
2.0,-8.750027317747476,1.058627096261613
2.0,-5.143919843508761,12.819719626230905
1.0,5.147410616800539,1.4116481303094555
2.0,-3.5723978124993865,3.0068428154943247
2.0,-5.3552565484329095,4.0222212245961195
2.0,-5.550545055290955,-1.1430850246627378
2.0,-2.514452865785715,4.539860791301805
1.0,7.118144640462772,-1.3542454496471228
2.0,-1.880225743999469,4.33689871015863
2.0,-3.628403206018149,0.5830616498056793
2.0,-2.8463426753327936,0.978207682803828
2.0,-8.451871972054002,5.826677232379405
2.0,-6.663358751964091,7.149315645281341
2.0,-2.309485956602632,2.4973985435517867
2.0,-4.656290370260594,-0.23882206661811534
2.0,-7.944142142588152,1.931396758450217
1.0,7.340099003697485,0.7125417841970909
2.0,-9.373707277785982,2.533109612701058
2.0,-4.534116859963602,7.667763526638349
2.0,-4.522530168345921,2.0276730007371233
2.0,-2.1001628111250152,3.7301282464213377
2.0,-3.5595629129146276,5.682415917356884
2.0,-1.7875226388981846,3.4574226346052
2.0,-2.7185306858474814,0.6621698519938475
2.0,-3.4409037467411725,11.49186024414435
2.0,-4.787776109528994,1.191580129803579
2.0,-3.9332071234182413,4.842180900693183
2.0,0.45612776669750676,0.10397219334554508
2.0,-5.48493794357699,1.6347608398444247
2.0,-5.304153482079774,4.220134996287077
1.0,5.054085030200381,-0.4207765778035035
1.0,-1.2124213038387106,-3.2960781935573262
2.0,-4.992250103698943,5.109718240537452
1.0,5.6665137218303725,0.217311568291511
2.0,-3.9742918780359924,0.40203139195751847
1.0,7.084713569945899,-0.733972147292478
2.0,-7.164040392013462,4.290655800915932
2.0,-6.9902722346643635,2.6412819780154635
1.0,5.254623341522743,0.678364766685237
2.0,-9.286393513783636,4.81609753573312
1.0,5.560568883732041,2.925776255966146
1.0,2.3877409441581783,2.7834718306456736
2.0,-4.625600343679585,0.017146811415943652
1.0,4.757374855151698,-1.0253952403340751
1.0,4.793852549657679,2.3549657772064725
2.0,-3.884867438833038,-0.664740775278954
2.0,-2.6100409473665964,2.9745981144329465
1.0,7.7390926326363,-3.148744458804427
2.0,-6.274854919522791,-0.48740515366874915
1.0,-1.8235449292308745,1.2860838694475965
2.0,-0.23566951909423572,0.0560508398078996
2.0,-9.764189366480876,2.584601502639697
1.0,9.632055105848362,0.12166874112986714
1.0,1.656445585459568,-4.0095834332027005
1.0,3.0717156911525745,-1.6413373172523196
2.0,-0.8493154855083924,2.177642239607031
2.0,-5.741571353592986,4.36389487862151
2.0,-9.188757896214177,2.970035057002121
2.0,-4.162042051496778,9.254392306941611
1.0,4.039438775981179,-2.7201018324073116
1.0,2.8377466328646097,-3.9139597749385544
2.0,-5.265096813096182,4.564863981519149
1.0,-3.482663397864682,-8.801936020134209
2.0,-5.210942773230712,2.595909872770837
1.0,4.597414588361573,-5.951937551742119
1.0,1.4743453732945029,0.5485743013483086
1.0,5.004745700424772,-5.711364444793147
1.0,3.03936330191289,-1.7317725973881855
2.0,-5.068277474328023,3.7503524428445862
2.0,-6.732320048562386,6.04363897033681
2.0,-2.580104808062538,2.813477864627679
2.0,-4.032252221677322,0.6269950363466736
2.0,-9.677073089481421,0.9523725763605762
1.0,2.133570163586837,-3.256809176262432
2.0,0.9095186222124276,-0.055859737759526684
2.0,-7.014719008511451,1.408020394318328
1.0,8.173792694193239,-3.1983889232386096
2.0,-3.3064302373722363,8.783072575522855
2.0,-3.8515248999919125,7.088244162840056
2.0,-2.155370310482725,2.6754706613467496
2.0,-7.783346284857849,3.146767927259269
1.0,5.634449477726326,1.0940888130434037
1.0,8.812612667289162,1.7182355262689073
1.0,3.2499911119111147,0.4182600374478671
2.0,-4.420564161807934,0.40243696943393825
2.0,-1.679223178160568,5.036315339471119
1.0,11.701804827311339,-4.3120851447011965
1.0,-1.560879597970648,-3.0211226987233992
2.0,-3.565854333021286,6.149732446144684
1.0,0.45932699427040014,-0.2516605164479968
2.0,-9.34805147625445,3.896497958801043
2.0,-5.768819976562503,-0.9508750074156165
1.0,5.077499740235967,1.8807107254765494
2.0,-0.034822722313273324,2.4770810126938247
2.0,-9.215101869989748,0.40495686008185183
2.0,-7.138577833749055,6.555958833476446
2.0,-6.394909025375666,-2.639752805276596
2.0,-4.150510391231558,5.165223832389463
2.0,-4.343626472298346,4.110573146284578
1.0,3.707194608354578,-4.414938354055915
1.0,7.95216368191725,0.1569773972512405
2.0,-5.443951065155511,1.0500730553109816
2.0,-9.551177628645044,2.3172485489069024
2.0,-6.04695404630141,5.2917103410522195
1.0,1.4921323952745267,-1.825303460925949
2.0,-5.288173691606336,4.996271632282145
2.0,-2.1334910850157702,5.914367914011553
2.0,-2.3709539691181174,3.7846058652169914
1.0,8.03688850010382,-0.6916678299083552
2.0,-6.849633226212007,4.879758387844463
1.0,1.15853234222448,0.248235225235802
2.0,-1.976288215047299,8.440785814110903
2.0,0.0940800102492032,6.186824377187397
1.0,4.243397648253031,3.076385803844663
1.0,4.596302795011258,-1.5203902696143796
2.0,-7.710750980604136,4.3504036776009976
2.0,-4.426011290840837,2.7637735019387235
2.0,-6.480800869862661,3.085848011259934
1.0,3.956195595863206,-0.22953414096487323
2.0,0.977255603570514,2.2146269105691556
2.0,-2.9643518994234777,3.7295277863759875
1.0,3.036836378272502,-1.5454581124827085
1.0,3.2011956051479986,6.861851255711893
1.0,4.12084896362437,1.2210322933397435
2.0,-6.563007927880486,-1.07903456482427
1.0,5.209026386400531,-1.0818316716687193
2.0,-10.927014498783835,0.8908885593538769
2.0,-3.094143003942437,5.927735832290564
2.0,-6.6516369756809555,3.2223610979183546
2.0,-5.965916183018806,2.809693220367058
1.0,4.114575282510288,-0.5477187418349597
2.0,-8.930954395941365,3.773012457234128
1.0,1.4651826313463445,-0.07751601811742526
1.0,4.746914892776847,-1.2760838493735651
1.0,5.944458184978365,-1.8648820047190446
1.0,3.4160574252492726,-3.3028898265224083
2.0,-2.8490403744258135,5.905895761508518
2.0,-9.566422453982057,1.6965885196046593
2.0,-0.23505362968450072,2.9885412205242887
1.0,5.8807305697635215,-2.493707686876203
2.0,-7.502018583640558,8.97901770831107
2.0,-2.9404043086742138,6.238386619912301
1.0,5.157259852435688,-0.5683574285038497
1.0,2.6879189766220444,-2.5746354585480304
2.0,-10.033736236609077,3.0990590924684445
1.0,5.967263380331294,-3.2921787100259947
1.0,4.2198489746593815,-2.2024359319280418
1.0,7.124606889668277,-5.335274243528641
1.0,5.9992134475359755,2.4419606168451145
2.0,-5.4396950837117215,4.549466029161268
1.0,0.26500466326071725,-1.4424886255109852
2.0,-4.837167049234385,3.785899843577892
2.0,-4.068845987272766,-0.6734231537205644
2.0,2.549637528884162,5.649926197491284
2.0,-3.4812598348506216,3.7929874069155516
1.0,2.1800385052985645,-0.988721767314714
2.0,-1.9929450306001741,5.3474363325927365
2.0,-6.333770827348069,6.79470664896075
1.0,4.040339356132547,-4.9203124212954705
2.0,-1.8428572439674724,5.119684193711695
1.0,8.874122022901641,-1.4664996934134584
2.0,-6.888153589623428,2.5057745740447586
2.0,-2.714838726747326,3.966558698459143
2.0,-10.40228854008215,6.8405781577589675
1.0,9.168318137674909,2.1837595438376978
1.0,6.429042543805773,2.050780251231254
2.0,-6.01206529721735,-1.0457189083297251
1.0,0.960176902970828,-2.7706754049673683
2.0,-4.566101892132744,4.913017888611126
1.0,3.7549881052762593,1.7938435410176135
1.0,1.1287251956416315,-4.534334314755433
2.0,-2.851883292026528,9.597842179653407
2.0,-0.7634644457800768,2.189395151245942
1.0,-0.06887088049180257,3.7161438081848255
2.0,-5.884548096802689,5.090087667602421
1.0,4.112782193218858,-1.9189643958940654
1.0,-1.456162412846492,1.104938153901786
1.0,2.48951619731377,3.7959109829121784
2.0,-8.935612372065481,6.972709501403434
1.0,1.740526874007299,-1.2357290286970206
2.0,-2.858688709657935,1.7196305672602636
1.0,3.43430700499279,1.064555733661771
2.0,-1.3708501118959493,1.4407793214713434
2.0,-5.633535422700368,0.8431847824610186
2.0,-6.913293245950221,2.391563935242262
2.0,-6.980058920430289,2.273928216243426
2.0,-2.2237723755705514,7.569180134280209
2.0,-4.695609694354406,-1.3200853594894744
2.0,-3.471559681315922,6.629940797021928
2.0,-2.648310414252078,0.05296490194328385
2.0,-4.809433556303835,2.3969385031086907
2.0,-5.966609094969818,2.698196518826534
2.0,-9.806480232668061,1.21689790913964
2.0,-6.885776475322972,6.3139649216870986
1.0,4.992791930214514,-0.5226036076692822
1.0,0.1879272118370312,-1.6416139503412364
2.0,-9.277170901848365,-0.6596652625454267
1.0,-0.7485542283181426,-1.6098414426719247
2.0,-9.223144877661385,5.263165199564291
2.0,-3.2135856518171155,4.848141313730358
2.0,-7.461173760406512,2.675190399980314
2.0,-6.527355444500926,3.245775064644622
2.0,-5.939633071481836,0.9487014267369673
2.0,-9.132395034171367,2.5495706434922973
1.0,5.428595824914389,3.5523164947115884
2.0,-1.430744430550337,2.681783733355383
2.0,-8.831991563818896,4.670171124848212
2.0,-7.881778212497165,2.6419691387717847
1.0,5.593958892533728,-0.20111219287038118
2.0,-2.5591812994950893,0.8195048785456289
1.0,5.6837160491263345,-4.221276900718701
2.0,-6.928688923229454,3.545424320353561
2.0,-3.0470043951169252,0.6067533102293523
2.0,-7.197186568704296,3.690119652175058
2.0,-4.74336208654705,1.0436631527718507
2.0,-1.7203657475858902,7.266805115497
2.0,-1.6763479781086805,1.1283762258566081
1.0,-0.35893680069565637,-0.7996013534052101
2.0,-7.710260564376023,5.211796425287763
1.0,-1.5775566771208043,0.7710302921604255
2.0,-5.643637551591599,5.987226254048105
2.0,-2.057647050615568,5.473509107726595
2.0,-2.062312629778586,4.129539022103401
2.0,-0.9466263199668381,1.2423291832388004
2.0,-1.6934807487498191,5.219952193409829
2.0,-9.975683337625757,6.026060161772035
1.0,5.19086010998616,3.5051868791023804
2.0,-4.972014600977825,5.860964681102453
2.0,-7.750205952891059,5.234665195128008
1.0,3.59943906983677,-2.9848888699170635
1.0,4.133176513844569,0.17652689347623762
2.0,-7.054170696948971,1.6818493949756006
2.0,-6.390852913269924,6.324679413269224
2.0,-4.559999098956217,5.477813864028983
2.0,-8.69452058719186,1.5761259882012537
1.0,4.14964667514384,-1.967695259967667
2.0,-7.742140096402586,6.745050473666506
1.0,3.3103496867545363,1.7118306951307931
1.0,1.520447072402555,-2.9609027872578304
2.0,-4.829973951850035,3.941201581135826
2.0,-3.206662808433186,1.0854546712299677
2.0,-4.231490496687192,-1.7888502710938337
1.0,7.627566695665124,-0.29530345022993276
1.0,6.37074395599433,-1.0945426672301182
1.0,8.084788700342587,-4.900902364781729
1.0,-2.750285227390232,-5.618906996298829
2.0,-5.53470017585946,-1.3894274634783175
1.0,5.836614929140574,-1.8073456186634862
1.0,5.999430204069025,-3.291658900649546
1.0,4.720004875104967,2.3137448065636166
1.0,7.512453991184664,-7.095321552261036
1.0,-2.3030541797351347,-1.583082398688942
1.0,0.6470183350945069,4.09544563397526
2.0,-8.2257318668128,3.0494821332588917
2.0,-3.266536359330769,2.5922618197021587
2.0,-7.082381640212478,0.2865207827632479
2.0,-1.736280475397876,-5.019658640151073
2.0,-6.904476952549645,2.4447473340352732
2.0,-4.635342876788167,-0.8439750152340495
1.0,3.3566729740414107,0.6881844439744431
2.0,-3.536937071652008,6.1939566875860805
2.0,-1.8445465140557236,5.58981989032047
2.0,-6.436871781808781,3.891928411950465
1.0,2.8407446150130813,-3.6614810594900282
1.0,4.6696094770358005,0.3918001749185025
2.0,-2.577490914803792,2.5031141520149047
2.0,-3.909055502058898,2.691724709604869
1.0,6.7980620472433415,0.44605329695103424
2.0,-4.828565944473159,0.07261185292242534
1.0,-2.9516322705407,-3.252847301369111
2.0,-7.660936080198596,6.733918602469469
1.0,2.8971099925072865,-4.2318535128107335
2.0,-3.7925508458961774,0.7526897240051729
2.0,-5.094273896523295,-0.7043909493225651
1.0,5.670920557616771,3.205262582767758
1.0,7.8872299431995305,-5.656783743467194
1.0,3.065189561171923,-1.7133526564136785
1.0,2.930957247618836,-2.1345370298045467
2.0,-6.8851177749293395,6.180702742551672
2.0,-5.816403682462722,-0.8649438033087264
2.0,-4.87473250243959,-0.7919733042160662
2.0,-4.39185289895026,2.6464542545528764
2.0,-7.063751963231228,3.4594503669246275
2.0,-0.14422801704100507,1.5264300463609242
2.0,-6.61978136992439,1.2720952984883305
2.0,-1.5506383273493296,5.044516805383275
1.0,9.982067999455356,-8.645668984498023
2.0,-6.993640647921245,5.7463891043119535
1.0,0.7161697743807349,-5.625491647962924
1.0,0.721878809431701,0.8116430512770629
2.0,-0.7092846636025891,8.40379511416251
1.0,4.9132327708689285,-0.2602090871773617
1.0,-3.841879752984382,2.014352592228364
2.0,-5.700118873847775,1.6113294396164513
2.0,-1.5944129558748537,3.216753803404573
1.0,5.137956741656001,-0.5503173134729208
2.0,-3.590713899339825,3.5295371256541195
2.0,-5.589103377390462,8.469219749577364
2.0,-3.9651540543046337,-3.6626952260038887
2.0,-3.534766266585586,1.2067387106359075
2.0,-7.5540602880878165,-0.49511462045780785
2.0,-5.358354115615125,0.6366508776945712
2.0,-5.768168183116938,4.116902610162871
2.0,-6.677458955450727,0.855490527466912
2.0,-1.9366803818037286,2.399382361578743
2.0,-2.863069011823036,4.302638216761875
1.0,4.302718879285703,-3.6290416356863844
2.0,-10.34225512814314,6.324426362819056
2.0,0.5742342217124063,2.337000480063985
1.0,5.882401030762072,-0.7830459065179896
2.0,-2.5446331490681597,6.24508642762963
2.0,-4.459962813409061,0.31041884578919055
1.0,1.4571467945909031,0.43682696170798074
2.0,-7.1780595622352585,6.884171780695874
2.0,-7.0155426084832015,2.4725455906518436
2.0,-6.436150776701411,4.30873870286159
2.0,-3.405115383465361,5.317258927499042
2.0,-0.16138122528631982,6.152904027084733
1.0,3.988851549143998,0.8051556402144902
2.0,-3.429770434997052,7.791844025620196
2.0,-9.25001492981171,-1.0822506581529092
1.0,6.893354364716826,-2.080897100061308
2.0,-6.726604505529324,4.448526043091905
2.0,-5.194157385537377,2.5070940853470525
2.0,-1.9880311125840837,9.667527850435874
2.0,-6.0104280588330266,4.250962002651242
2.0,-4.2395874032682155,6.713449203112183
1.0,2.9260742792873957,-3.2296648089621165
2.0,-6.204619065462125,1.483272838596231
2.0,-5.778398940783647,5.733546099077028
2.0,-1.2848805481418268,4.423443809938127
2.0,-4.407250725376443,0.6400514135536617
2.0,-6.67520099357843,5.268628002251139
2.0,-4.002123181316062,3.9158274858685105
2.0,-9.443383794658338,0.4823136769452776
1.0,6.391671824577802,1.5299394148416676
1.0,4.860881837131177,-3.4002488862873594
2.0,0.3095066885893143,0.7403452249202704
2.0,-3.7986501139457376,3.44477695010772
1.0,1.9231229983920457,-2.6701798058554544
2.0,-3.813414905848811,5.781612825437946
1.0,3.4685611768617353,2.614986100479638
2.0,-6.336262171251823,1.4416522881342868
1.0,5.404562726360451,-4.099552655799868
2.0,-5.076200612193317,-0.05332028122687982
1.0,5.729475720133124,-1.2962378648885204
2.0,-3.9232001064555297,1.349475648058237
1.0,1.3706068294336502,-2.5903232722067333
1.0,8.510625344542184,-6.277952231137576
2.0,-6.956227728038533,0.06584920315720932
1.0,9.090345316670238,-2.4632346474103533
1.0,2.3349889632449234,-0.829524162125909
2.0,-2.077812564371435,4.457794703708583
2.0,-3.2079792663977207,1.4203978447774046
2.0,-4.339762879433191,3.1005947606892406
2.0,0.521540685990721,6.6945026918246455
2.0,-9.284243991207404,10.158033962265275
2.0,-7.677961283590005,-0.15605449942746752
2.0,-5.704515924435496,7.405739526845706
2.0,-8.29705202625579,3.121473333650143
2.0,-1.397189703087311,7.247876259547877
2.0,-2.0010944329112137,0.5390325042023205
2.0,-5.392813080479264,2.4007848896056943
2.0,-3.8452574959373185,7.303113783757866
2.0,-5.1813254843029375,9.329042610683395
2.0,-7.785561628744265,0.16877398371807573
2.0,-4.684943201999401,8.832771954507567
2.0,3.5620519336704586,4.377374138646746
2.0,-4.140595626890582,-0.4688010558706157
2.0,-3.7657583591156216,3.9194150673603936
2.0,-4.288340697724014,7.068365319573042
2.0,-0.17630753213336092,7.737023068309331
2.0,-7.068334629419091,9.25328027336115
2.0,-8.011441569174604,4.352837493707
2.0,-4.177929923076527,1.842228864141423
1.0,-1.9960993396218853,-3.765323470007152
2.0,-4.297872656722035,9.06586118077864
1.0,1.6224359093704055,-6.107348581991779
2.0,-3.6100577034791925,6.572255888651416
2.0,-5.942731433470409,4.544398684918913
2.0,-9.187835557261185,1.628181680619341
2.0,-7.977943763040489,6.900630524641384
2.0,-4.421893674678151,3.944946456228195
2.0,-3.3479544408028206,0.0915485377597709
2.0,-3.5251948640984745,8.03842382699375
2.0,-2.9766700112847735,7.67540265379937
1.0,4.097176219834574,-2.150423461385276
2.0,-4.094102579245462,3.4151878530479145
2.0,-3.3243466521668545,6.2149340528432155
2.0,-5.289416846918122,4.290003945062707
2.0,-7.868512137525127,5.535055905566693
2.0,-6.748513082583836,8.828123381985531
1.0,5.6203144330596935,0.03740175786406663
1.0,1.1606220093605724,-4.842811802576037
2.0,-3.6734850723755663,4.143609058269076
2.0,-1.7054563196041577,4.654826350321184
2.0,-4.441483797692843,5.579949813351148
2.0,-2.5773931327649753,0.8061329824308427
1.0,6.273209000678771,-0.5938055742945486
2.0,-2.9561111306151013,4.901290024954277
1.0,8.420764688460128,-2.694899849806043
2.0,-7.99661289164853,5.5933543080845
1.0,6.634961988516414,-0.5552359350273094
2.0,-4.191395110266194,4.906819063550097
2.0,-6.350199112543654,1.8541839058080773
2.0,-4.319456073407441,-0.1646671610115784
1.0,2.6825306436635583,-4.021195013383986
2.0,-5.728822138333003,3.814672115364492
1.0,2.784608263636602,-5.050706239816593
2.0,-1.6450599028496131,7.985690928071079
1.0,8.562314436163529,2.205329746363746
2.0,-3.0567596521492444,2.0916696209491934
1.0,0.42017782809963533,-4.409970926348106
2.0,-7.66264403994046,6.318889397844117
2.0,-6.645720659323643,1.3687704777290783
2.0,-6.287614021851569,-0.6108027802233447
2.0,-2.973039628348392,0.9245495006042428
2.0,-4.988902518624816,6.895905320893567
2.0,-6.1701360908817335,1.839219788721169
1.0,3.1419773921295935,-0.7043428025645939
2.0,-11.250545452815548,5.95244491696215
1.0,-0.23737081511020897,2.3084870607902443
2.0,-2.4772887890394584,8.265097074930836
2.0,-4.677810848828951,3.5251523458977037
2.0,-5.356080200955013,2.9517442268673086
2.0,-5.825503301337434,4.404453333596707
1.0,6.064746858760412,4.129489120528427
2.0,-4.030005564991267,1.3249147415591953
2.0,-3.7596766993281303,2.6867137059571835
2.0,-5.402019254736809,1.0588148461351667
2.0,-3.7226061689387517,5.503715442370389
1.0,0.8237644668007689,0.17642034236008608
2.0,-9.572193706433042,0.3889577273426612
1.0,3.8126981436761795,-3.723390062731834
2.0,-10.75582059253141,1.0915054999996427
2.0,-6.467429227249563,5.179162817620548
2.0,-5.11914057026705,1.2118828953309364
1.0,0.9443103108257214,1.7733737791122801
2.0,-5.445419936001782,1.869273223681451
2.0,0.22713046147365645,0.8098421701442517
2.0,-1.1118081633049441,5.106353912909496
2.0,-9.20693068617058,-2.889838078623753
1.0,3.179548368429891,-5.76857228950012
2.0,-1.9742748476260843,-0.010389139106454781
2.0,-2.7168257295002665,2.6474509974596256
2.0,-8.734792673352326,2.1273975439360786
1.0,8.109960958969328,-1.5467718270238686
2.0,-10.213945160867226,2.7561850287939205
1.0,6.656736634267617,3.998984042154916
1.0,1.4286600569545271,3.4636139970513877
2.0,-11.129535198566508,2.177475314445787
2.0,-1.7568893097770317,1.3521941620153572
1.0,8.342735109334797,-3.684018948371018
2.0,-11.21593098612798,2.031542251587635
2.0,-8.702853124753108,-0.5267097674715506
2.0,-3.8677434470090786,5.760755966308434
1.0,2.5687596272070876,-2.345841467321677
1.0,5.732622153680418,8.019768304315159
2.0,0.22406994730721497,0.8467709056169452
2.0,-2.465386704632319,6.521714306301891
2.0,-8.295070407575459,5.288422455816798
2.0,-6.111187978686203,5.289566467079991
2.0,-7.2986584971122195,5.067294091195306
2.0,-5.276529190948244,5.666613839295065
2.0,-5.118599910515918,2.67767498380921
1.0,5.26436290503691,1.096886286919197
1.0,5.519060422809745,-0.9741521461101372
1.0,2.5400050432569454,0.8311475920952829
1.0,4.63664320881551,-2.345705263770873
2.0,-5.922124521374908,0.5085239003008777
2.0,0.657576144467864,3.3956993973056324
2.0,-3.329679274067792,2.8034408077325392
2.0,-8.03006206173416,1.1797926171703301
1.0,3.88543613236601,1.659121427528181
1.0,3.4392009389235483,-6.589865670038128
2.0,0.29986026603342975,-1.3233959366479437
2.0,-3.4469580631573153,2.4191958302490377
1.0,7.015487243557712,6.28024532113295
2.0,-7.866941979089109,-1.5650400989019326
1.0,5.352186943196174,-4.862804097463511
2.0,-6.404858145120316,6.178859845370642
1.0,2.272488620806011,-4.5040056955635075
2.0,-7.885461821287915,3.266434449917002
2.0,-2.5634226835358094,0.2559316684900752
2.0,-7.85322990878139,6.837415617276509
2.0,-7.746135249555829,-1.2913035080337183
2.0,-4.159457462106042,2.3706305778572916
2.0,-5.805569507240984,3.5493102093910713
1.0,1.145669475154564,2.5742500198842873
2.0,-6.557408910001096,-0.1443340817247778
2.0,-8.944742914114244,-2.7510508582945032
2.0,-0.6027146424976433,1.0285994485218592
1.0,6.998083752393965,-3.0549190571975835
2.0,-6.862743922765604,9.102164409468635
2.0,-6.908639527999451,5.653417309200578
2.0,-5.821694164563036,8.828137264915194
2.0,-4.7325023346407935,2.9834103248102237
2.0,-5.569710389360506,3.9318914466440686
1.0,1.0062316595454708,0.22359326192611473
2.0,-1.0237026680460128,4.740592424787976
1.0,6.89451311758768,-2.736709402662014
2.0,-7.380491709786072,2.424336710967703
2.0,-4.2311714978431745,1.4292075462173432
